{"cameraMode":{"drawMode":0,"name":"Shaded","section":"Shading Mode"},"sceneLighting":true,"audioPlay":false,"sceneViewState":{"m_AlwaysRefresh":false,"showFog":true,"showSkybox":true,"showFlares":true,"showImageEffects":true,"showParticleSystems":true,"showVisualEffectGraphs":true,"m_FxEnabled":true},"in2DMode":false,"pivot":{"x":502.80145263671877,"y":1185.9222412109375,"z":-1077.0911865234375},"rotation":{"x":-0.13495704531669618,"y":0.0188174806535244,"z":-0.0008843356627039611,"w":-0.9910954833030701},"size":0.8660253882408142,"orthographic":false}