{"cameraMode":{"drawMode":0,"name":"Shaded","section":"Shading Mode"},"sceneLighting":true,"audioPlay":false,"sceneViewState":{"m_AlwaysRefresh":false,"showFog":true,"showSkybox":true,"showFlares":true,"showImageEffects":true,"showParticleSystems":true,"showVisualEffectGraphs":true,"m_FxEnabled":true},"in2DMode":false,"pivot":{"x":337.45587158203127,"y":1080.8531494140625,"z":-826.46630859375},"rotation":{"x":0.16984404623508454,"y":-0.054926883429288867,"z":-0.007168929558247328,"w":-0.9845837950706482},"size":58.33512878417969,"orthographic":false}