{"cameraMode":{"drawMode":0,"name":"Shaded","section":"Shading Mode"},"sceneLighting":true,"audioPlay":false,"sceneViewState":{"m_AlwaysRefresh":false,"showFog":true,"showSkybox":true,"showFlares":true,"showImageEffects":true,"showParticleSystems":true,"showVisualEffectGraphs":true,"m_FxEnabled":true},"in2DMode":false,"pivot":{"x":71.4347915649414,"y":88.39808654785156,"z":167.54725646972657},"rotation":{"x":-0.07393274456262589,"y":-0.33307570219039919,"z":-0.028327645733952524,"w":0.9400441646575928},"size":3.1097960472106935,"orthographic":false}