{"cameraMode":{"drawMode":0,"name":"Shaded","section":"Shading Mode"},"sceneLighting":true,"audioPlay":false,"sceneViewState":{"m_AlwaysRefresh":false,"showFog":true,"showSkybox":true,"showFlares":true,"showImageEffects":true,"showParticleSystems":true,"showVisualEffectGraphs":true,"m_FxEnabled":true},"in2DMode":false,"pivot":{"x":823.2892456054688,"y":1808.6798095703125,"z":-65.28363037109375},"rotation":{"x":0.11351911723613739,"y":-0.011083057150244713,"z":0.00044825993245467544,"w":-0.9939814805984497},"size":0.8475872874259949,"orthographic":false}